﻿<?xml version="1.0" encoding="utf-8"?>
<MetroSetTheme>
  <Theme>
    <Name>Custom Theme</Name>
    <Author>Narwin</Author>
  </Theme>
  <Form>
    <ForeColor>#293955</ForeColor>
    <BackColor>#FFFFFF</BackColor>
    <BorderColor>#ffc40d</BorderColor>
    <SmallLineColor1>#ffc40d</SmallLineColor1>
    <SmallLineColor2>#ffc40d</SmallLineColor2>
    <TextColor>#293955</TextColor>
    <HeaderColor>#ffc40d</HeaderColor>
  </Form>
  <DefaultButton>
    <NormalColor>#ffc40d</NormalColor>
    <NormalBorderColor>#000000</NormalBorderColor>
    <NormalTextColor>#FFFFFF</NormalTextColor>
    <HoverColor>#293A56</HoverColor>
    <HoverBorderColor>#2B2B2B</HoverBorderColor>
    <HoverTextColor>#FFFFFF</HoverTextColor>
    <PressColor>#D6DBE9</PressColor>
    <PressBorderColor>#2B2B2B</PressBorderColor>
    <PressTextColor>#FFFFFF</PressTextColor>
    <DisabledBackColor>#EEEEEE</DisabledBackColor>
    <DisabledBorderColor>#505050</DisabledBorderColor>
    <DisabledForeColor>#6D6D6D</DisabledForeColor>
  </DefaultButton>
  <Button>
    <NormalColor>#ffc40d</NormalColor>
    <NormalBorderColor>#ffc40d</NormalBorderColor>
    <NormalTextColor>#FFFFFF</NormalTextColor>
    <HoverColor>#5FCFFF</HoverColor>
    <HoverBorderColor>#5FCFFF</HoverBorderColor>
    <HoverTextColor>#FFFFFF</HoverTextColor>
    <PressColor>#2393C3</PressColor>
    <PressBorderColor>#2393C3</PressBorderColor>
    <PressTextColor>#FFFFFF</PressTextColor>
    <DisabledBackColor>#FFE235</DisabledBackColor>
    <DisabledBorderColor>#FFE235</DisabledBorderColor>
    <DisabledForeColor>#808080</DisabledForeColor>
  </Button>
  <Tile>
    <NormalColor>#ffc40d</NormalColor>
    <NormalBorderColor>#ffc40d</NormalBorderColor>
    <NormalTextColor>#FFFFFF</NormalTextColor>
    <HoverColor>#293A56</HoverColor>
    <HoverBorderColor>#2B2B2B</HoverBorderColor>
    <HoverTextColor>#FFFFFF</HoverTextColor>
    <PressColor>#D6DBE9</PressColor>
    <PressBorderColor>#2B2B2B</PressBorderColor>
    <PressTextColor>#FFFFFF</PressTextColor>
    <DisabledBackColor>#EEEEEE</DisabledBackColor>
    <DisabledBorderColor>#505050</DisabledBorderColor>
    <DisabledForeColor>#6D6D6D</DisabledForeColor>
  </Tile>
  <Ellipse>
    <NormalColor>#ffc40d</NormalColor>
    <NormalBorderColor>#FFBA03</NormalBorderColor>
    <NormalTextColor>#FFFFFF</NormalTextColor>
    <HoverColor>#293A56</HoverColor>
    <HoverBorderColor>#2B2B2B</HoverBorderColor>
    <HoverTextColor>#FFFFFF</HoverTextColor>
    <PressColor>#D6DBE9</PressColor>
    <PressBorderColor>#2B2B2B</PressBorderColor>
    <PressTextColor>#FFFFFF</PressTextColor>
    <DisabledBackColor>#FFE235</DisabledBackColor>
    <DisabledBorderColor>#FFE235</DisabledBorderColor>
    <DisabledForeColor>#6D6D6D</DisabledForeColor>
  </Ellipse>
  <Badge>
    <NormalColor>#ffc40d</NormalColor>
    <NormalBorderColor>#000000</NormalBorderColor>
    <NormalTextColor>#FFFFFF</NormalTextColor>
    <HoverColor>#293A56</HoverColor>
    <HoverBorderColor>#2B2B2B</HoverBorderColor>
    <HoverTextColor>#FFFFFF</HoverTextColor>
    <PressColor>#D6DBE9</PressColor>
    <PressBorderColor>#2B2B2B</PressBorderColor>
    <PressTextColor>#FFFFFF</PressTextColor>
    <NormalBadgeColor>#ffc40d</NormalBadgeColor>
    <NormalBadgeTextColor>#FFFFFF</NormalBadgeTextColor>
    <HoverBadgeColor>#cb2828</HoverBadgeColor>
    <HoverBadgeTextColor>#FFFFFF</HoverBadgeTextColor>
    <PressBadgeColor>#a31414</PressBadgeColor>
    <PressBadgeTextColor>#FFFFFF</PressBadgeTextColor>
    <DisabledBackColor>#FFE235</DisabledBackColor>
    <DisabledBorderColor>#FFE235</DisabledBorderColor>
    <DisabledForeColor>#6D6D6D</DisabledForeColor>
  </Badge>
  <Label>
    <ForeColor>#ffc40d</ForeColor>
    <BackColor>#00FFFFFF</BackColor>
  </Label>
  <ComboBox>
    <ForeColor>#CCCCCC</ForeColor>
    <BackColor>#FFFFFF</BackColor>
    <BorderColor>#6E6E6E</BorderColor>
    <ArrowColor>#6E6E6E</ArrowColor>
    <SelectedItemBackColor>#ffc40d</SelectedItemBackColor>
    <SelectedItemForeColor>#FFFFFF</SelectedItemForeColor>
    <DisabledBackColor>#EEEEEE</DisabledBackColor>
    <DisabledBorderColor>#505050</DisabledBorderColor>
    <DisabledForeColor>#6D6D6D</DisabledForeColor>
  </ComboBox>
  <TextBox>
    <ForeColor>#CCCCCC</ForeColor>
    <BackColor>#FFFFFF</BackColor>
    <HoverColor>#ffc40d</HoverColor>
    <BorderColor>#6E6E6E</BorderColor>
    <WatermarkText>n</WatermarkText>
    <DisabledBackColor>#EEEEEE</DisabledBackColor>
    <DisabledBorderColor>#505050</DisabledBorderColor>
    <DisabledForeColor>#6D6D6D</DisabledForeColor>
  </TextBox>
  <RichTextBox>
    <ForeColor>#CCCCCC</ForeColor>
    <BackColor>#FFFFFF</BackColor>
    <HoverColor>#ffc40d</HoverColor>
    <BorderColor>#6E6E6E</BorderColor>
    <DisabledBackColor>#EEEEEE</DisabledBackColor>
    <DisabledBorderColor>#505050</DisabledBorderColor>
    <DisabledForeColor>#6D6D6D</DisabledForeColor>
  </RichTextBox>
  <Numeric>
    <ForeColor>#CCCCCC</ForeColor>
    <BackColor>#FFFFFF</BackColor>
    <BorderColor>#6E6E6E</BorderColor>
    <SymbolsColor>#ffc40d</SymbolsColor>
    <DisabledBackColor>#EEEEEE</DisabledBackColor>
    <DisabledBorderColor>#505050</DisabledBorderColor>
    <DisabledForeColor>#6D6D6D</DisabledForeColor>
  </Numeric>
  <CheckBox>
    <ForeColor>#ffc40d</ForeColor>
    <CheckColor>#ffc40d</CheckColor>
    <BackColor>#00FFFFFF</BackColor>
    <BordeColor>#ffc40d</BordeColor>
    <DisabledBorderColor>#999999</DisabledBorderColor>
    <CheckedStyle>Shape</CheckedStyle>
    <!--Sign, Shape-->
  </CheckBox>
  <SwitchBox>
    <SymbolColor>#5C5C5C</SymbolColor>
    <BackColor>#FFFFFF</BackColor>
    <BorderColor>#9B9B9B</BorderColor>
    <DisabledBorderColor>#555555</DisabledBorderColor>
    <UnCheckColor>#9B9B9B</UnCheckColor>
    <CheckColor>#ffc40d</CheckColor>
    <DisabledUnCheckColor>#CDCDCD</DisabledUnCheckColor>
    <DisabledCheckColor>#FFE235</DisabledCheckColor>
  </SwitchBox>
  <RadioButton>
    <ForeColor>#ffc40d</ForeColor>
    <CheckColor>#ffc40d</CheckColor>
    <BackColor>#00FFFFFF</BackColor>
    <BordeColor>#ffc40d</BordeColor>
    <DisabledBorderColor>#999999</DisabledBorderColor>
  </RadioButton>
  <Divider>
    <Orientation>Horizontal</Orientation>
    <!--Horizontal, Vertical-->
    <Thickness>1</Thickness>
    <ForeColor>#ffc40d</ForeColor>
  </Divider>
  <LinkLabel>
    <ForeColor>#ffc40d</ForeColor>
    <BackColor>#00FFFFFF</BackColor>
    <LinkColor>#41b1e1</LinkColor>
    <ActiveLinkColor>#55c5f5</ActiveLinkColor>
    <VisitedLinkColor>#2d9dcd</VisitedLinkColor>
    <LinkBehavior>HoverUnderline</LinkBehavior>
    <!--HoverUnderline, AlwaysUnderline, NeverUnderline, SystemDefault-->
  </LinkLabel>
  <ToolTip>
    <ForeColor>#FFFFFF</ForeColor>
    <BackColor>#FFFFFF</BackColor>
    <BorderColor>#ffc40d</BorderColor>
  </ToolTip>
  <Progress>
    <BackColor>#EEEEEE</BackColor>
    <BorderColor>#EEEEEE</BorderColor>
    <ProgressColor>#ffc40d</ProgressColor>
    <DisabledBackColor>#EEEEEE</DisabledBackColor>
    <DisabledBorderColor>#EEEEEE</DisabledBorderColor>
    <DisabledProgressColor>#FFE235</DisabledProgressColor>
  </Progress>
  <TrackBar>
    <BackColor>#EEEEEE</BackColor>
    <HandlerColor>#8F8F8F</HandlerColor>
    <ValueColor>#ffc40d</ValueColor>
    <DisabledBackColor>#EEEEEE</DisabledBackColor>
    <DisabledValueColor>#8F8F8F</DisabledValueColor>
    <DisabledHandlerColor>#FFE235</DisabledHandlerColor>
  </TrackBar>
  <ContextMenu>
    <BackColor>#FFFFFF</BackColor>
    <ForeColor>#AAAAAA</ForeColor>
    <ArrowColor>#808080</ArrowColor>
    <SeparatorColor>#808080</SeparatorColor>
    <SelectedItemColor>#FFFFFF</SelectedItemColor>
    <SelectedItemBackColor>#ffc40d</SelectedItemBackColor>
    <DisabledForeColor>#C0C0C0</DisabledForeColor>
  </ContextMenu>
  <TabControl>
    <BackColor>#FFFFFF</BackColor>
    <ForeColor>#ffc40d</ForeColor>
    <UnselectedTextColor>#808080</UnselectedTextColor>
    <SelectedTextColor>#FFFFFF</SelectedTextColor>
  </TabControl>
  <ScrollBar>
    <BackColor>#FFFFFF</BackColor>
    <ForeColor>#ffc40d</ForeColor>
    <DisabledBackColor>#505050</DisabledBackColor>
    <DisabledForeColor>#6D6D6D</DisabledForeColor>
  </ScrollBar>
  <ListBox>
    <BackColor>#FFFFFF</BackColor>
    <ForeColor>#808080</ForeColor>
    <BorderColor>#404040</BorderColor>
    <SelectedItemColor>#FFFFFF</SelectedItemColor>
    <SelectedItemBackColor>#ffc40d</SelectedItemBackColor>
    <HoveredItemColor>#000000</HoveredItemColor>
    <HoveredItemBackColor>#FFE235</HoveredItemBackColor>
    <DisabledBackColor>#505050</DisabledBackColor>
    <DisabledForeColor>#6D6D6D</DisabledForeColor>
  </ListBox>
  <Panel>
    <BackColor>#FFFFFF</BackColor>
    <BorderColor>#6E6E6E</BorderColor>
  </Panel>
  <ControlBox>
    <CloseHoverBackColor>#ffc40d</CloseHoverBackColor>
    <CloseHoverForeColor>#FFFFFF</CloseHoverForeColor>
    <CloseNormalForeColor>#808080</CloseNormalForeColor>
    <MaximizeHoverBackColor>#EEEEEE</MaximizeHoverBackColor>
    <MaximizeHoverForeColor>#808080</MaximizeHoverForeColor>
    <MaximizeNormalForeColor>#808080</MaximizeNormalForeColor>
    <MinimizeHoverBackColor>#EEEEEE</MinimizeHoverBackColor>
    <MinimizeHoverForeColor>#808080</MinimizeHoverForeColor>
    <MinimizeNormalForeColor>#808080</MinimizeNormalForeColor>
  </ControlBox>
</MetroSetTheme>
